filename,energy,tempo,mfcc_1,mfcc_2,mfcc_3,mfcc_4,mfcc_5,mfcc_6,mfcc_7,mfcc_8,mfcc_9,mfcc_10,mfcc_11,mfcc_12,mfcc_13
Moves like Jagger.wav,0.21618296205997467,123.046875,-63.75613784790039,104.28987121582031,-22.10685157775879,29.103538513183594,8.578373908996582,5.042219161987305,-6.962202548980713,3.509782314300537,2.6514110565185547,1.0922846794128418,1.5708602666854858,5.1107964515686035,-1.8470553159713745
Uptown Funk (feat. Bruno Mars) - Mark Ronson.wav,0.14873802661895752,117.4538345336914,-93.22334289550781,68.2799301147461,-6.593914031982422,20.747583389282227,1.8532865047454834,15.622591018676758,1.4246551990509033,6.983123779296875,0.829109251499176,5.068422317504883,4.529857158660889,6.8644914627075195,0.20363806188106537
Hung Up - Madonna.wav,0.23184408247470856,123.046875,-80.06383514404297,74.44072723388672,24.094932556152344,24.371023178100586,13.690110206604004,13.14703369140625,6.4209489822387695,4.505809307098389,2.0673294067382812,3.348376989364624,-2.7995710372924805,3.3888676166534424,-0.3131198287010193
SpotiDown.App - CAN'T STOP THE FEELING! (from DreamWorks Animation's _TROLLS_) - Justin Timberlake.wav,0.18905973434448242,112.3471450805664,-69.64479064941406,79.01483154296875,1.7251362800598145,18.330488204956055,10.748747825622559,8.525524139404297,-5.000426292419434,4.164387226104736,-2.606125831604004,3.10107159614563,0.16638535261154175,4.134687900543213,-1.7487784624099731
Dua Lipa - Physical.wav,0.3112543523311615,143.5546875,-19.86119270324707,84.65167999267578,3.883657217025757,20.07573127746582,2.7584800720214844,7.501849174499512,5.774384498596191,3.456303358078003,2.914231061935425,4.01748514175415,-3.0681276321411133,2.6849334239959717,-4.392512321472168
Linkin Park - In The End.wav,0.15530002117156982,103.359375,-99.75975799560547,115.2292251586914,-37.475555419921875,45.24358367919922,-12.294713020324707,21.513525009155273,-14.82032299041748,21.482450485229492,-7.342227935791016,17.94289207458496,-9.10201644897461,14.217408180236816,-8.70042610168457
Beethoven Symphony No.5 432Hz.wav,0.03753126412630081,103.359375,-294.8782653808594,140.01055908203125,-19.049001693725586,18.034870147705078,0.7227960228919983,-3.36704158782959,-7.736348628997803,-4.932223320007324,-6.533394813537598,-3.1722025871276855,-4.978436470031738,-2.6584880352020264,-1.4147953987121582
25 Swedish House Mafia Feat John Martin - Don't You Worry Child.wav,0.27251380681991577,129.19921875,-23.323835372924805,88.62789916992188,-15.810540199279785,13.008353233337402,-1.2879682779312134,-4.385857105255127,-5.339646816253662,5.654172420501709,-7.5472002029418945,2.073450803756714,-3.050769805908203,0.9867695569992065,1.3572444915771484
The White Stripes - Seven Nation Army.wav,0.20664815604686737,123.046875,-119.46014404296875,69.74916076660156,21.544530868530273,52.00590515136719,8.823259353637695,18.65696144104004,10.120376586914062,16.900075912475586,2.2468042373657227,4.962540149688721,-0.4647881090641022,10.797165870666504,1.4695007801055908
10 - The Empire Strikes Back The Imperial March.wav,0.0644940584897995,103.359375,-188.66929626464844,110.33768463134766,-5.207846164703369,22.52286720275879,-1.0938022136688232,3.0619711875915527,-4.431694030761719,-0.16047728061676025,-5.186858177185059,1.7931216955184937,-5.658466815948486,-0.7871049642562866,-5.039538383483887
Still D.R.E.wav,0.16628864407539368,92.28515625,-101.8431167602539,85.76610565185547,2.5298593044281006,9.819904327392578,-5.173341274261475,0.5524949431419373,-3.9320390224456787,11.181641578674316,3.196704864501953,9.90296459197998,-1.6854966878890991,1.0962210893630981,2.940160036087036
Post Malone ft. Morgan Wallen - I Had Some Help (Official Lyric Video).wav,0.19368363916873932,129.19921875,-163.90158081054688,101.04922485351562,16.96140480041504,34.24909210205078,16.50519561767578,19.14154815673828,6.785642147064209,18.968061447143555,6.858811855316162,13.637951850891113,4.932929992675781,8.812947273254395,5.7200703620910645
Bôa - Duvet (Official Audio).wav,0.05539601296186447,172.265625,-203.28016662597656,104.92417907714844,14.570019721984863,34.44619369506836,8.817076683044434,9.791162490844727,-1.2407020330429077,8.523682594299316,-6.279750347137451,7.795594215393066,-3.943875789642334,1.5192744731903076,-4.4190568923950195
SZA - Good Days (Audio).wav,0.18066023290157318,123.046875,-100.89656066894531,111.72708892822266,-7.806618690490723,19.465526580810547,-1.081189751625061,3.104842185974121,0.05272364243865013,1.312949776649475,-0.819309413433075,3.5681121349334717,-1.5070921182632446,0.48027926683425903,-3.4303863048553467
Katy Perry - California Gurls.wav,0.27658259868621826,143.5546875,-25.956348419189453,75.8818359375,-2.0016565322875977,22.25872230529785,4.47372579574585,9.49252986907959,4.6890058517456055,8.705056190490723,2.909301519393921,8.066691398620605,-1.6706748008728027,4.877673625946045,-2.304832935333252
Music sounds better with you - stardust {Lyrics}.wav,0.193553164601326,123.046875,-153.75531005859375,85.93981170654297,12.248644828796387,34.465065002441406,12.827561378479004,23.268945693969727,11.398069381713867,14.836172103881836,8.007050514221191,11.54173469543457,-0.4438945949077606,4.868186950683594,5.777166843414307
Blinding Lights - The Weeknd.wav,0.3306180238723755,86.1328125,-37.530372619628906,94.35083770751953,3.2355945110321045,38.29564666748047,1.7174779176712036,16.340709686279297,4.548719882965088,10.542418479919434,0.9147030711174011,15.404402732849121,5.3567399978637695,9.173440933227539,1.510774850845337
Super Mario Bros. Theme Song.wav,0.0672316923737526,129.19921875,-260.5946350097656,43.23963928222656,12.960399627685547,8.818588256835938,-1.4828494787216187,-2.708080768585205,-10.516200065612793,-4.381850719451904,-6.801182746887207,-2.1232264041900635,-4.464213848114014,-0.5338465571403503,-3.19580078125
Coldplay - Fix You.wav,0.13443826138973236,135.99917602539062,-118.48442077636719,123.05413818359375,-22.107446670532227,31.330530166625977,0.4066263735294342,8.481817245483398,-4.427986145019531,5.003453254699707,-5.135148525238037,1.9733140468597412,-1.2257170677185059,-2.559025764465332,-6.186911582946777
Lady Gaga - Poker Face (Official Music Video) 4.wav,0.2697596251964569,117.4538345336914,-40.0244140625,94.13324737548828,-3.8450655937194824,21.53036880493164,3.034320592880249,8.193180084228516,7.653286457061768,7.451430797576904,2.571545362472534,7.791396141052246,-0.9004268646240234,2.9840445518493652,-1.9703214168548584
Red Hot Chili Peppers - Californication.wav,0.34941235184669495,95.703125,-20.061843872070312,80.12855529785156,-4.128915309906006,40.811424255371094,15.368998527526855,15.212638854980469,-2.639150619506836,11.781057357788086,-2.3608510494232178,3.5607874393463135,1.9449207782745361,4.07393741607666,-4.533430099487305
We Will Rock You - Queen.wav,0.1055104061961174,83.35433197021484,-147.91580200195312,98.48847198486328,-18.33483123779297,23.094362258911133,-1.8079249858856201,1.6263600587844849,1.2661099433898926,2.4561026096343994,-3.8874666690826416,7.512301445007324,-3.789983034133911,6.426705360412598,0.236704483628273
DJ Tiesto - Adagio For Strings.wav,0.1837272197008133,143.5546875,-60.964759826660156,67.0985336303711,-8.436415672302246,26.433977127075195,4.074410438537598,12.131303787231445,-0.8349477052688599,5.609753131866455,-1.8011599779129028,3.76179575920105,-2.997962713241577,4.604785442352295,1.777679681777954
Amy Winehouse - Back To Black.wav,0.24528643488883972,123.046875,-57.90239715576172,122.64370727539062,-12.768884658813477,27.311479568481445,-4.88891077041626,13.412967681884766,-6.1973652839660645,10.901408195495605,-3.190324068069458,5.45939826965332,-7.876969337463379,-0.9974491596221924,-2.144886016845703
Avicii- Levels (Audio).wav,0.24231930077075958,129.19921875,-27.353443145751953,72.96143341064453,0.27761444449424744,15.905292510986328,-4.76323938369751,1.1382811069488525,-2.9987571239471436,2.471470355987549,-2.305081844329834,3.596013307571411,-1.309112787246704,4.959372043609619,-1.3913311958312988
Before You Go - Lewis Capaldi.wav,0.2587549388408661,112.3471450805664,-86.32817077636719,96.08723449707031,20.48560333251953,27.214420318603516,8.325226783752441,10.991707801818848,4.580990314483643,8.339899063110352,-7.5596818923950195,5.334521293640137,0.5732852220535278,2.9332780838012695,-4.409987926483154
Ain't No Sunshine.wav,0.09488308429718018,143.5546875,-243.46263122558594,134.21563720703125,14.735235214233398,22.683061599731445,-3.4579174518585205,19.33670997619629,-0.7661991119384766,-18.820770263671875,-19.10982894897461,-11.1036376953125,-6.986299991607666,-3.048635721206665,-14.577384948730469
Dancing Queen - Abba.wav,0.16294923424720764,99.38401794433594,-40.916683197021484,81.85696411132812,-18.885568618774414,15.567151069641113,-1.7784321308135986,0.31477078795433044,-0.08064516633749008,1.5061522722244263,0.10825441032648087,-0.055911242961883545,-4.245349407196045,1.233333945274353,-4.674238204956055
Nirvana - Smells Like Teen Spirit slowed.wav,0.196136936545372,117.4538345336914,-25.417572021484375,59.758174896240234,-10.045838356018066,34.11543273925781,8.834939002990723,13.568585395812988,-4.6154327392578125,6.81082010269165,-2.88189697265625,7.548546314239502,-4.105645656585693,3.1907565593719482,-8.221222877502441
juan-jordan_runaway-remix-extended-version-kanye-west-ft-juan-jordan-pusha-t.wav,0.3461979329586029,172.265625,-41.2473030090332,96.43058013916016,7.4192304611206055,24.68071746826172,8.571574211120605,20.160846710205078,3.941035747528076,9.564401626586914,-0.4461023509502411,6.531413555145264,1.570555329322815,9.371723175048828,1.1730546951293945
Bill Withers - Ain't No Sunshine (Official Audio).wav,0.09838173538446426,161.4990234375,-184.39303588867188,107.47757720947266,2.0924072265625,35.318912506103516,3.8573687076568604,6.013163089752197,0.5061245560646057,4.337103843688965,-13.982532501220703,7.410705089569092,-6.007129192352295,-0.3116711378097534,2.634150743484497
Clint Mansell - Lux Aeterna (Requiem for a Dream) (1).wav,0.04876203462481499,129.19921875,-223.10581970214844,138.9124755859375,-23.184328079223633,34.04914093017578,-5.07935905456543,4.282872676849365,-6.364783763885498,5.301225662231445,-6.035887241363525,1.8385816812515259,-8.527389526367188,-3.6241302490234375,-5.346896648406982
"The Next Episode - Dr. Dre, Snoop Dogg.wav",0.2636646032333374,95.703125,-71.05995178222656,76.5221176147461,14.740310668945312,29.88368797302246,11.3286771774292,8.570446968078613,-2.310931921005249,10.783732414245605,-2.424940824508667,3.6935923099517822,-1.713489294052124,2.0639381408691406,-1.1508347988128662
Hans Zimmer - Time (Inception Main Theme).wav,0.06315948069095612,123.046875,-325.1708679199219,123.38768768310547,18.36300277709961,32.76276779174805,17.23426628112793,9.899896621704102,7.467414855957031,9.600804328918457,7.389175891876221,7.874088287353516,5.052596092224121,5.754493236541748,4.734246730804443
On & On.wav,0.2954334020614624,117.4538345336914,-46.64514923095703,101.58605194091797,4.712238788604736,3.2102198600769043,9.717687606811523,4.9027581214904785,3.8798134326934814,-0.47288423776626587,-4.510854244232178,4.874220371246338,-0.03958379477262497,-0.8463232517242432,-0.2986145317554474
Daft Punk - Around the World.wav,0.1856369823217392,123.046875,-130.5060272216797,70.40660095214844,8.3357515335083,27.679222106933594,20.203920364379883,22.768882751464844,9.100016593933105,8.795857429504395,-6.603796005249023,0.03151145577430725,3.572157144546509,4.498148441314697,-3.9325006008148193
10. Calvin Harris - Summer (Extended Mix).wav,0.3287546932697296,129.19921875,-0.12784714996814728,79.01834869384766,-6.255881309509277,17.490802764892578,0.23809413611888885,11.509592056274414,-3.1367876529693604,6.641833305358887,-3.212252378463745,3.7412846088409424,-1.536795735359192,4.561819076538086,-2.9802892208099365
Another Love - Tom Odell.wav,0.07620621472597122,123.046875,-320.91961669921875,161.2927703857422,-1.5775099992752075,-2.501570224761963,9.099124908447266,-6.838944911956787,-14.31002426147461,-13.88653564453125,-6.959359169006348,-7.5441670417785645,-13.884126663208008,-10.167786598205566,-3.4456090927124023
In Da Club.wav,0.18878348171710968,117.4538345336914,-101.4762191772461,93.80117797851562,-6.456754207611084,13.241936683654785,5.564850330352783,10.532708168029785,2.1211633682250977,5.428675651550293,-5.119574546813965,3.152055501937866,-6.682654857635498,2.6551249027252197,0.3189558982849121
Vivaldi - Four Seasons Winter - Mvt I Allegro non moto.wav,0.06832777708768845,143.5546875,-225.57235717773438,79.58438110351562,-28.097070693969727,19.004030227661133,-4.986426830291748,-7.73215389251709,-13.808477401733398,1.1784164905548096,-6.252851963043213,1.39482581615448,-6.347903728485107,3.823065996170044,-2.1738452911376953
Adele - Someone Like You (Official Music Video).wav,0.1617663949728012,135.99917602539062,-145.12974548339844,119.6539535522461,-4.41888952255249,3.591463804244995,6.41273307800293,-4.384554386138916,-9.150514602661133,-1.1524709463119507,-8.975194931030273,0.25970232486724854,-13.867091178894043,-1.359616994857788,-11.961132049560547
"David Guetta, Sia - Titanium (feat. Sia).wav",0.26689302921295166,123.046875,-28.649045944213867,71.73558807373047,-11.177679061889648,5.321187496185303,0.6958299875259399,1.093775987625122,12.336641311645508,-6.250428676605225,3.5095624923706055,0.4984593987464905,-5.068418025970459,1.0574787855148315,-3.8637659549713135
Martin-Garrix-Animals.wav,0.28303420543670654,129.19921875,-86.86377716064453,107.1778564453125,-12.421614646911621,23.437381744384766,-3.7158989906311035,17.972671508789062,4.298023223876953,14.989463806152344,2.938593864440918,8.091558456420898,-0.7416841983795166,5.082873821258545,-0.21655219793319702
Beethoven - Moonlight Sonata 1st Movement.wav,0.027663398534059525,143.5546875,-417.38763427734375,175.45994567871094,41.11351013183594,-3.7552318572998047,4.0796990394592285,1.6412684917449951,-7.998162746429443,-11.820084571838379,-11.716869354248047,-10.54771900177002,-7.760091304779053,-4.898773193359375,-4.244558811187744
Stronger - Kanye West (Clean Version).wav,0.25353479385375977,103.359375,-62.041748046875,95.73088073730469,-3.380136251449585,34.61667251586914,12.088232040405273,4.829268932342529,-3.4049923419952393,8.360250473022461,-1.9619203805923462,2.917468309402466,0.9323909282684326,6.833957195281982,0.34826749563217163
Numb  Encore (Official Audio) - Linkin Park  JAY-Z.wav,0.23030336201190948,107.666015625,-33.083984375,86.2796859741211,-8.819262504577637,20.668380737304688,1.042961835861206,2.0033929347991943,-6.7011260986328125,10.152077674865723,-2.6046886444091797,11.90746021270752,0.12566083669662476,5.658860683441162,1.4369897842407227
TNT.wav,0.1180785521864891,129.19921875,-112.0728759765625,84.48603820800781,-23.470569610595703,47.902748107910156,2.817988872528076,10.760052680969238,-3.1568729877471924,6.439558506011963,3.0381579399108887,6.568326950073242,-1.2894338369369507,5.877536773681641,-0.8989889025688171
Shape of You - Ed Sheeran.wav,0.29575392603874207,129.19921875,-45.73980712890625,96.64183807373047,2.6149098873138428,20.940649032592773,7.979874134063721,2.7171385288238525,-9.744647026062012,-0.8486611843109131,-11.522351264953613,-0.6483156681060791,-2.6942262649536133,2.992673873901367,-2.553196668624878
Lose Yourself 4 (2).wav,0.2803480625152588,172.265625,-72.28941345214844,97.07965850830078,-11.199238777160645,34.45596694946289,14.590943336486816,5.915318489074707,10.811887741088867,12.294381141662598,-2.303694248199463,9.422182083129883,0.9993167519569397,4.266091823577881,5.1284499168396
ACDC - Thunderstruck.wav,0.20541562139987946,135.99917602539062,-21.14731788635254,66.92373657226562,-21.075517654418945,31.152597427368164,11.409513473510742,9.936445236206055,-1.136891484260559,10.515937805175781,1.9604665040969849,3.2880709171295166,3.3392040729522705,4.613882541656494,-3.0314860343933105
Smooth Operator - Sade.wav,0.21156099438667297,123.046875,-129.22454833984375,114.49176788330078,32.71731185913086,32.55445861816406,0.8811202645301819,15.789621353149414,1.9912996292114258,8.54907512664795,-3.404320001602173,2.835664987564087,-5.278702735900879,2.2723443508148193,-6.338602066040039
Do i Wanna know- Artic Monkeys.wav,0.13306324183940887,86.1328125,-127.29042053222656,118.67344665527344,-15.141510963439941,30.59299087524414,9.168129920959473,6.112362384796143,4.617436408996582,10.58583927154541,-1.2862260341644287,3.593142509460449,2.4455678462982178,4.96019983291626,-1.6196949481964111
guns-n-roses-songs_guns-n-roses-sweet-child-o-mine.wav,0.14675617218017578,123.046875,-55.211029052734375,82.98326873779297,-17.991323471069336,33.267852783203125,-3.635481119155884,6.016053199768066,-2.021275520324707,1.8326610326766968,-4.976098537445068,-2.351256847381592,-2.02911114692688,-1.7833199501037598,-3.666088342666626
"Macklemore, Ryan Lewis, Macklemore & Ryan Lewis, Ray Dalton - Can't Hold Us (feat. Ray Dalton).wav",0.26801931858062744,143.5546875,-12.989781379699707,83.10700225830078,-10.845503807067871,16.362140655517578,4.787257194519043,2.927403450012207,-3.1654176712036133,5.920892715454102,-3.807669162750244,8.053115844726562,2.3043456077575684,4.070685863494873,3.381411552429199
Michael Jackson Billie Jean.wav,0.1905096173286438,117.4538345336914,-83.61640930175781,73.48311614990234,27.33212661743164,25.471435546875,4.750740051269531,10.52924633026123,2.260349988937378,5.877167224884033,0.3344663381576538,7.160714626312256,-2.225163698196411,0.3175744116306305,-0.7555040121078491
